{"files":[{"id":"dd5d1cbe-8c4b-4c7b-b1d7-c4cdd417781b","name":"appsscript","type":"json","source":"{\n  \"timeZone\": \"Asia/Singapore\",\n  \"dependencies\": {},\n  \"exceptionLogging\": \"STACKDRIVER\",\n  \"runtimeVersion\": \"V8\",\n  \"webapp\": {\n    \"executeAs\": \"USER_ACCESSING\",\n    \"access\": \"ANYONE\"\n  }\n}"},{"id":"5ea6c150-af8c-40b1-8f9c-5761f72ffbcc","name":"Invoice","type":"server_js","source":"let salesDatabaseID \u003d \u00271rIoeWrQI6NvJategdgNaPrITlr5FV6PrgVfThsVW13s\u0027;\nlet invoiceID \u003d \u00271l5CxD3bacQ1K3wDLlCiWDCDKdi6PVIHTA7G-Wozb_uc\u0027;\nlet invoiceSheet \u003d SpreadsheetApp.openById(invoiceID);\n\nfunction clearInvoice()\n{\n  let invoice \u003d invoiceSheet.getSheetByName(\u0027Invoice\u0027);\n  invoice.getRange(\u0027B9:C11\u0027).clearContent();\n  invoice.getRange(\u0027G9:H9\u0027).clearContent();\n  invoice.getRange(\u0027C21\u0027).clearContent();\n  invoice.getRange(\u0027B16:F20\u0027).clearContent();\n  invoice.getRange(\u0027D9\u0027).clearContent();\n}\n\nfunction addItemToDatabase(orderID, customerID, itemID, price, amount)\n{\n  let databaseid \u003d \u00271rIoeWrQI6NvJategdgNaPrITlr5FV6PrgVfThsVW13s\u0027;\n  let databasesheet \u003d SpreadsheetApp.openById(databaseid);\n  let orderUpdate \u003d databasesheet.getSheetByName(\u0027OrderDetails\u0027);\n  let items \u003d databasesheet.getSheetByName(\u0027ItemDetails\u0027);\n\n  var itemdata \u003d items.getDataRange().getValues();\n  for(let i \u003d 0; i \u003c itemdata.length; i++)\n  {\n    if(itemdata[i][0] \u003d\u003d\u003d itemID)\n    {\n      var itemname \u003d itemdata[i][1];\n      break;\n    }\n  }\n\n  orderUpdate.appendRow([\n      orderID,\n      itemID,\n      itemname,\n      price,\n      amount,\n      price * amount,\n      new Date(),\n      customerID\n  ])\n\n  Logger.log(\u0027Added item to database: OrderID\u003d\u0027 + orderID + \u0027, ItemID\u003d\u0027 + itemID);\n}\n\nfunction convertData()\n{\n  let databaseOrderDetails \u003d SpreadsheetApp.openById(salesDatabaseID);\n  let orderdetails \u003d databaseOrderDetails.getSheetByName(\u0027OrderOverall\u0027);\n\n  var lastRow \u003d orderdetails.getLastRow();\n  var orderData \u003d orderdetails.getRange(lastRow, 1, 1, orderdetails.getLastColumn()).getValues()[0];\n\n  var orderID \u003d orderData[0];\n  var customerID \u003d orderData[2];\n\n  var itemColumns \u003d \n  [\n    {addOrder: 6, itemID: 7, price: 8, amount: 9},    // Add Order 2\n    {addOrder: 10, itemID: 11, price: 12, amount: 13}, // Add Order 3\n    {addOrder: 14, itemID: 15, price: 16, amount: 17}, // Add Order 4\n    {addOrder: 18, itemID: 19, price: 20, amount: 21}  // Add Order 5\n  ];\n\n  addItemToDatabase(orderID, customerID, orderData[3], orderData[4], orderData[5]);\n  updateQuantity(orderData[3], orderData[5]);\n\n  for (var i \u003d 0; i \u003c itemColumns.length; i++) \n  {\n    if (orderData[itemColumns[i].addOrder] \u003d\u003d \u0027Add\u0027 \u0026\u0026\n        orderData[itemColumns[i].itemID] \u0026\u0026\n        orderData[itemColumns[i].price] \u0026\u0026\n        orderData[itemColumns[i].amount]) {\n      \n      addItemToDatabase(\n        orderID,\n        customerID,\n        orderData[itemColumns[i].itemID],\n        orderData[itemColumns[i].price],\n        orderData[itemColumns[i].amount]\n      );\n\n      updateQuantity(       \n        orderData[itemColumns[i].itemID],\n        orderData[itemColumns[i].amount]);\n    }\n  }\n\n  Logger.log(\u0027Order ID: \u0027 + orderID);\n  Logger.log(\u0027Customer ID: \u0027 + customerID);\n  Logger.log(\u0027Processing item columns...\u0027);\n\n  \n  invoice(orderID);\n}\n\nfunction GenerateNewID(invoiceData){\n  var data \u003d invoiceData.getRange(\u0027A:A\u0027).getValues();\n\n  var lastrow \u003d null;\n\n  for (let i \u003d data.length - 1; i \u003e\u003d 0; i--) {\n    if (data[i][0] !\u003d\u003d null \u0026\u0026 data[i][0] !\u003d\u003d undefined \u0026\u0026 data[i][0] !\u003d\u003d \u0027\u0027) {\n      lastrow \u003d data[i][0];\n      break;\n    }\n  }\n\n  var numpart \u003d parseInt(lastrow.slice(1));\n\n  if (isNaN(numpart)) {\n    numpart \u003d 0;\n  }\n\n  var nextnum \u003d numpart + 1;\n  var nextid \u003d \u0027I\u0027 + (\u002700\u0027 + nextnum);\n\n  return nextid;\n\n}\n\nfunction updateInvoiceDatabase(invoiceNumber, dueDate, beforeTax, afterTax, testData)\n{\n  var salesDatabase \u003d SpreadsheetApp.openById(salesDatabaseID);\n  var invoiceData \u003d salesDatabase.getSheetByName(\u0027InvoiceData\u0027);\n  var lastrow \u003d GenerateNewID(invoiceData);\n\n  Logger.log(lastrow);\n\n  var newData \u003d [\n    lastrow,\n    invoiceNumber,\n    new Date(), \n    dueDate,\n    \u0027Pending\u0027,\n    beforeTax,\n    afterTax,\n    null,\n    testData\n  ];\n\n  invoiceData.appendRow(newData);\n  \n}\n\nfunction invoiceFolder()\n{\n  const date \u003d new Date();\n  const month \u003d date.getMonth();\n  const year \u003d date.getFullYear();\n\n  var parentFolderID \u003d \u00271sRumCNxTYEVKPzBexdrsSIUPoX73UaG6\u0027;\n  const monthNames \u003d [\"January\", \"February\", \"March\", \"April\", \"May\", \"June\", \"July\", \"August\", \"September\", \"October\", \"November\", \"December\"];\n  const folderName \u003d monthNames[month] + \" \" + year;\n\n  const parentFolder \u003d DriveApp.getFolderById(parentFolderID);\n  const folders \u003d parentFolder.getFoldersByName(folderName);\n\n  let invoiceFolder;\n\n  if(folders.hasNext())\n  {\n    invoiceFolder \u003d folders.next();\n    Logger.log(\"Opened existing folder: \" + invoiceFolder.getName());\n  } \n  else \n  {\n    invoiceFolder \u003d parentFolder.createFolder(folderName);\n    Logger.log(\"Created new folder: \" + invoiceFolder.getName());\n  }\n  \n  return invoiceFolder.getId();\n}\n\nfunction invoiceNum()\n{\n  const date \u003d new Date();\n  const year \u003d date.getFullYear();\n  \n  var folderID \u003d invoiceFolder();\n  var folder \u003d DriveApp.getFolderById(folderID);\n  var files \u003d folder.getFiles();\n\n  var count \u003d 0;\n  while (files.hasNext()) {\n    var file \u003d files.next();\n    count++;\n  }\n\n  Logger.log(\u0027Total invoice: \u0027 + count);\n\n  count++;\n\n  var numcount \u003d (\u0027000000\u0027 + count).slice(-6);\n  var invoiceNumber \u003d year + \u0027INV\u0027 + numcount;\n\n  Logger.log(\"New Invoice Number: \" + invoiceNumber);\n\n  return invoiceNumber;\n}\n\nfunction exportInvoicePDF(customerEmail, invoiceNumber)\n{\n    let invoicesheet \u003d DriveApp.getFileById(invoiceID);\n    let blob \u003d invoicesheet.getAs(\u0027application/pdf\u0027);\n\n    let folderID \u003d invoiceFolder();\n    let folder \u003d DriveApp.getFolderById(folderID);\n\n    let pdf \u003d folder.createFile(blob);\n    pdf.setName(invoiceNumber);\n\n    sendinvoiceEmail(customerEmail, invoiceNumber, pdf);\n}\n\nfunction invoice(orderID)\n{\n  let database \u003d SpreadsheetApp.openById(salesDatabaseID);\n  let invoiceSheet \u003d SpreadsheetApp.openById(invoiceID);\n  let orderDetails \u003d database.getSheetByName(\u0027OrderDetails\u0027);\n  let customerDetails \u003d database.getSheetByName(\u0027CustomerData\u0027)\n  let invoice \u003d invoiceSheet.getSheetByName(\u0027Invoice\u0027);\n  let invoiceNumber \u003d invoiceNum();\n\n  var orderCheck \u003d orderDetails.getDataRange().getValues();\n  var customerID \u003d \u0027\u0027;\n\n  var startRow \u003d 16;\n  var beforeTax \u003d 0;\n\n  for (let j \u003d 0; j \u003c orderCheck.length; j++)\n  {\n    if(orderCheck[j][0] \u003d\u003d\u003d orderID)\n    {\n      customerID \u003d orderCheck[j][7];\n      var itemName \u003d orderCheck[j][2];\n      var unitPrice \u003d orderCheck[j][3];\n      var amount \u003d orderCheck[j][4];\n      var total \u003d unitPrice * amount;\n\n      beforeTax +\u003d total;\n\n      invoice.getRange(\u0027B\u0027 + startRow).setValue(itemName); // Item name\n      invoice.getRange(\u0027E\u0027 + startRow).setValue(amount); // Quantity\n      invoice.getRange(\u0027F\u0027 + startRow).setValue(unitPrice); // Unit Price\n\n      startRow++;\n      Logger.log(itemName + amount + unitPrice);\n    }\n  }\n\n  var afterTax \u003d beforeTax * 1.16;\n\n  if(!customerID)\n  {\n    Logger.log(\"Invalid Order ID\");\n    return;\n  }\n\n  var customerCheck \u003d customerDetails.getDataRange().getValues();\n  \n  for(let k \u003d 0; k \u003c customerCheck.length; k++)\n  {\n    if(customerCheck[k][0] \u003d\u003d\u003d customerID)\n    {\n      var customerName \u003d customerCheck[k][1];\n      var customerAddress \u003d customerCheck[k][2];\n      var customerContact \u003d customerCheck[k][3];\n      var customerEmail \u003d customerCheck[k][4];\n      var reliabilityStatus \u003d customerCheck[k][5];\n      break;\n    }\n  }\n\n  if (!customerID) { \n  Logger.log(\"Invalid Customer ID\");\n  return;\n  }\n\n  const todayDate \u003d new Date();\n  const formattedDate \u003d Utilities.formatDate(todayDate, Session.getScriptTimeZone(), \u0027d/M/yyyy\u0027);\n  var dueDate \u003d new Date(todayDate);\n\n  switch (reliabilityStatus){\n    case \"Low\":\n      dueDate.setDate(todayDate.getDate() + 30);\n      break;\n    case \"Medium\":\n      dueDate.setDate(todayDate.getDate() + 60);\n      break;\n    case \"High\":\n      dueDate.setDate(todayDate.getDate() + 90);\n      break;\n  }\n\n  invoice.getRange(\u0027G9\u0027).setValue(invoiceNumber);\n  invoice.getRange(\u0027B13\u0027).setValue(formattedDate);\n  invoice.getRange(\u0027C21\u0027).setValue(dueDate);\n  invoice.getRange(\u0027B9:C9\u0027).setValue(customerName +\u0027 (\u0027+  customerID + \u0027)\u0027);\n  invoice.getRange(\u0027B10:C10\u0027).setValue(customerAddress);\n  invoice.getRange(\u0027B11:C11\u0027).setValue(customerContact);\n\n  SpreadsheetApp.flush();\n  updateInvoiceDatabase(invoiceNumber, dueDate, beforeTax, afterTax, orderID); \n  exportInvoicePDF(customerEmail, invoiceNumber)\n}\n\nfunction sendinvoiceEmail(customerEmail, invoiceNumber, pdf)\n{\n  GmailApp.sendEmail(customerEmail, \u0027Invoice \u0027 + invoiceNumber, \n  \u0027Dear Valued Customer,\\n\\n\u0027 +\n  \u0027This is Please find attached your invoice for your recent purchase and the payment form here \u003chttps://forms.gle/1k2daSL26VPW1QRH9\u003e \\n\\n\u0027 +\n  \u0027[Your Company Name]\u0027, \n  {attachments: [pdf]});\n}\n\nfunction extractQuantity() {\n  let databaseOrderDetails \u003d SpreadsheetApp.openById(salesDatabaseID);\n  let orderdetails \u003d databaseOrderDetails.getSheetByName(\u0027OrderOverall\u0027);\n\n  var lastRow \u003d orderdetails.getLastRow();\n  var orderData \u003d orderdetails.getRange(lastRow, 1, 1, orderdetails.getLastColumn()).getValues()[0];\n\n  var orderID \u003d orderData[0];\n  var customerID \u003d orderData[2];\n\n  var itemColumns \u003d [\n    {addOrder: 6, itemID: 7, price: 8, amount: 9},    // Add Order 2\n    {addOrder: 10, itemID: 11, price: 12, amount: 13}, // Add Order 3\n    {addOrder: 14, itemID: 15, price: 16, amount: 17}, // Add Order 4\n    {addOrder: 18, itemID: 19, price: 20, amount: 21}  // Add Order 5\n  ];\n\n  updateQuantity(orderData[3], orderData[5]);\n  \n  for (var i \u003d 0; i \u003c itemColumns.length; i++) {\n    if (orderData[itemColumns[i].addOrder] \u003d\u003d \u0027Add\u0027 \u0026\u0026\n        orderData[itemColumns[i].itemID] \u0026\u0026\n        orderData[itemColumns[i].amount]) {\n      \n      updateQuantity(\n        orderData[itemColumns[i].itemID],\n        orderData[itemColumns[i].amount]\n      );\n    }\n  }\n}\n\nfunction updateQuantity(itemID, amount) {\n  let databasesheet \u003d SpreadsheetApp.openById(salesDatabaseID);\n  let items \u003d databasesheet.getSheetByName(\u0027ItemDetails\u0027);\n\n  var itemdata \u003d items.getDataRange().getValues();\n  for (let i \u003d 0; i \u003c itemdata.length; i++) {\n    if (itemdata[i][0] \u003d\u003d\u003d itemID) {\n      var itemQuantity \u003d itemdata[i][5] - amount;\n      items.getRange(i + 1, 6).setValue(itemQuantity);\n      Logger.log(\u0027Item Quantity Updated. ItemID: \u0027 + itemID + \u0027, NewQuantity\u003d\u0027 + itemQuantity);\n      break;\n    }\n  }\n}"},{"id":"c705045e-9c2c-4cfb-9aba-ba926e8a1a9f","name":"Receipt","type":"server_js","source":"var receiptID \u003d \"1KcBdZqM2wiMfyAzEAeJ4DXJvzItdeL-CODVi3LqN8OI\";\n\nfunction receiptCheckStatus(invoiceID)\n{\n  Logger.log(invoiceID);\n\n  var salesDatabaseID \u003d \"1rIoeWrQI6NvJategdgNaPrITlr5FV6PrgVfThsVW13s\";\n  let database \u003d SpreadsheetApp.openById(salesDatabaseID);\n  let invoiceData \u003d database.getSheetByName(\u0027InvoiceData\u0027);\n\n  var invoiceNum \u003d invoiceData.getDataRange().getValues();\n\n  var paymentStatus \u003d \"\";\n  var found \u003d false;\n\n  for (let i \u003d 0; i \u003c invoiceNum.length; i++)\n  {\n    if(invoiceNum[i][0] \u003d\u003d\u003d invoiceID)\n    {\n      found \u003d true;\n      paymentStatus \u003d invoiceNum[i][4];\n      if(paymentStatus \u003d\u003d\u003d \u0027Paid\u0027)\n      {\n        Logger.log(\u0027Status: Paid\u0027);\n        updateReceipt(invoiceNum[i][0]);\n        Logger.log(invoiceNum[i][0]);\n        return;\n      }\n      else\n      {\n        Logger.log(\u0027Status: Pending. \u0027);\n        return;\n      }\n    }\n  }\n\n  if(!found)\n  {\n    Logger.log(\"Invalid Data\");\n  }\n}\n\nfunction receiptFolder()\n{\n  const date \u003d new Date();\n  const month \u003d date.getMonth();\n  const year \u003d date.getFullYear();\n\n  var parentFolderID \u003d \"1HtdXCCl-_s07CbxCifMaDQUK5F9tGfOA\";\n  const monthNames \u003d [\"January\", \"February\", \"March\", \"April\", \"May\", \"June\", \"July\", \"August\", \"September\", \"October\", \"November\", \"December\"];\n  const folderName \u003d monthNames[month] + \" \" + year;\n\n  const parentFolder \u003d DriveApp.getFolderById(parentFolderID);\n  const folders \u003d parentFolder.getFoldersByName(folderName);\n\n  let receiptFolder;\n\n  if(folders.hasNext())\n  {\n    receiptFolder \u003d folders.next();\n    Logger.log(\"Opened existing folder: \" + receiptFolder.getName());\n  } \n  else \n  {\n    receiptFolder \u003d parentFolder.createFolder(folderName);\n    Logger.log(\"Created new folder: \" + receiptFolder.getName());\n  }\n  \n  return receiptFolder.getId();\n}\n\nfunction receiptNumber()\n{\n  const date \u003d new Date();\n  const month \u003d date.getMonth()+1;\n  const year \u003d date.getFullYear().toString().slice(-2);\n  \n  var folderID \u003d receiptFolder();\n  var folder \u003d DriveApp.getFolderById(folderID);\n  var files \u003d folder.getFiles();\n\n  var count \u003d 0;\n  while (files.hasNext()) {\n    var file \u003d files.next();\n    count++;\n  }\n\n  Logger.log(\u0027Total Receipt: \u0027 + count);\n\n  count++;\n\n  var paddedMonth \u003d (\u00270\u0027 + month).slice(-2);\n  var receiptNumber \u003d year + paddedMonth + \u0027_RECEIPT_\u0027 + (\u0027000\u0027 + count).slice(-3);\n\n  Logger.log(\"New receipt Number: \" + receiptNumber);\n\n  return receiptNumber;\n}\n\nfunction clearReceipt()\n{\n  let receipt \u003d SpreadsheetApp.openById(receiptID).getSheetByName(\u0027Receipt\u0027);\n\n  receipt.getRange(\u0027B16:B20\u0027).clearContent();\n  receipt.getRange(\u0027C16:F16\u0027).clearContent();\n  receipt.getRange(\u0027C17:F17\u0027).clearContent();\n  receipt.getRange(\u0027C18:F18\u0027).clearContent();\n  receipt.getRange(\u0027C19:F19\u0027).clearContent();\n  receipt.getRange(\u0027C20:F20\u0027).clearContent();\n}\n\nfunction updateReceipt(invoiceNum)\n{\n  clearReceipt();\n\n  const date \u003d new Date();\n  Logger.log(date);\n\n  const formattedDate \u003d Utilities.formatDate(date, Session.getScriptTimeZone(), \u0027dd/MM/yyyy\u0027);\n\n  let database \u003d SpreadsheetApp.openById(salesDatabaseID);\n  let receiptSheet \u003d SpreadsheetApp.openById(receiptID);\n  let invoiceData \u003d database.getSheetByName(\u0027InvoiceData\u0027);\n  let orderDetails \u003d database.getSheetByName(\u0027OrderDetails\u0027);\n  let customerDetails \u003d database.getSheetByName(\u0027CustomerData\u0027)\n  let receipt \u003d receiptSheet.getSheetByName(\u0027Receipt\u0027);\n  let receiptNo \u003d receiptNumber();\n\n  var invoiceCheck \u003d invoiceData.getDataRange().getValues();\n  var orderID \u003d \"\";\n\n  for (let i \u003d 0; i \u003c invoiceCheck.length; i++)\n  {\n    if(invoiceCheck[i][0] \u003d\u003d\u003d invoiceNum)\n    {\n      orderID \u003d invoiceCheck[i][8];\n      var dueDate \u003d invoiceCheck[i][3];\n      var beforeTax \u003d invoiceCheck[i][5];\n      var afterTax \u003d invoiceCheck[i][6];\n      break;\n    }\n  }\n\n  if (!orderID) { \n  Logger.log(\"Invalid Invoice ID\");\n  return;\n  }\n\n  var orderCheck \u003d orderDetails.getDataRange().getValues();\n  var customerID \u003d \u0027\u0027;\n\n  var startRow \u003d 16;\n  var num \u003d 0;\n\n  for (let j \u003d 0; j \u003c orderCheck.length; j++)\n  {\n    if(orderCheck[j][0] \u003d\u003d\u003d orderID)\n    {\n      customerID \u003d orderCheck[j][7];\n      var itemName \u003d orderCheck[j][2];\n      var unitPrice \u003d orderCheck[j][3];\n      var amount \u003d orderCheck[j][4];\n      var total \u003d unitPrice * amount;\n\n      receipt.getRange(\u0027B\u0027 + startRow).setValue(num+1); //No. \n      receipt.getRange(\u0027C\u0027 + startRow).setValue(itemName); // Item name\n      receipt.getRange(\u0027E\u0027 + startRow).setValue(amount); // Quantity\n      receipt.getRange(\u0027F\u0027 + startRow).setValue(unitPrice); // Unit Price\n\n      startRow++;\n      num++;\n      Logger.log(itemName, amount, unitPrice);\n    }\n  }\n\n  if(!orderID)\n  {\n    Logger.log(\"Invalid Order ID\");\n    return;\n  }\n\n  var customerCheck \u003d customerDetails.getDataRange().getValues();\n  \n  for(let k \u003d 0; k \u003c customerCheck.length; k++)\n  {\n    if(customerCheck[k][0] \u003d\u003d\u003d customerID)\n    {\n      var customerName \u003d customerCheck[k][1];\n      var customerAddress \u003d customerCheck[k][2];\n      var customerContact \u003d customerCheck[k][3];\n      break;\n    }\n  }\n\n  if (!customerID) { \n  Logger.log(\"Invalid Customer ID\");\n  return;\n  }\n\n  var sheet \u003d SpreadsheetApp.openById(salesDatabaseID).getSheetByName(\"Form Responses\"); \n  var lastRow \u003d sheet.getLastRow();\n  var row \u003d sheet.getRange(lastRow, 1, 1, sheet.getLastColumn()).getValues()[0];\n\n  var customerEmail \u003d row[3]; \n\n  receipt.getRange(\u0027B9:C9\u0027).setValue(customerName);\n  receipt.getRange(\u0027B10:C10\u0027).setValue(customerContact);\n  receipt.getRange(\u0027B11:C11\u0027).setValue(customerAddress);\n  receipt.getRange(\u0027G8\u0027).setValue(receiptNo);\n  receipt.getRange(\u0027G9\u0027).setValue(formattedDate);\n  receipt.getRange(\u0027G10\u0027).setValue(orderID);\n  receipt.getRange(\u0027G11\u0027).setValue(dueDate);\n\n  SpreadsheetApp.flush();\n  exportReceiptPDF(customerEmail, receiptID, receiptNo);\n}\n\nfunction exportReceiptPDF(customerEmail, receiptID, receiptNo)\n{\n  let invoicesheet \u003d DriveApp.getFileById(receiptID);\n\n  let blob \u003d invoicesheet.getAs(\u0027application/pdf\u0027);\n  let pdf \u003d DriveApp.getFolderById(receiptFolder())\n  .createFile(blob)\n  .setName(receiptNo);\n\n  sendEmail(customerEmail, receiptNo, pdf)\n}\n\nfunction sendEmail(customerEmail, receiptName, pdf)\n{\n  GmailApp.sendEmail(customerEmail, \u0027Receipt \u0027 + receiptName, \n  \u0027Dear Valued Customer,\\n\\n\u0027 +\n  \u0027Thank you for your recent payment. Attached you will find your receipt along with a feedback form. \u003chttps://forms.gle/9JeXqFUxjtVP5MmD9\u003e\u0027 +\n  \u0027We kindly request you to complete the feedback form to help us improve our services.\\n\\n\u0027 +\n  \u0027Your satisfaction is our priority, and we appreciate your cooperation.\\n\\n\u0027 +\n  \u0027Best regards,\\n\u0027 +\n  \u0027[Your Company Name]\u0027, \n  {attachments: pdf});\n}"},{"id":"a5b66cd2-5efe-4366-86b4-06a55afc9f21","name":"Send Email Notification","type":"server_js","source":"function updatePaymentDate(invoiceNumber, paymentDate) {\n  var invoicesheet \u003d SpreadsheetApp.openById(salesDatabaseID).getSheetByName(\"InvoiceData\");\n  var invoicedata \u003d invoicesheet.getDataRange().getValues();\n\n  for (let i \u003d 0; i \u003c invoicedata.length; i++) {\n    if (invoicedata[i][1] \u003d\u003d\u003d invoiceNumber) {\n      invoicesheet.getRange(i + 1, 8).setValue(paymentDate);\n      break;\n    }\n  }\n\n  Logger.log(\u0027Invoice Number: \u0027 + invoiceNumber + \u0027 Payment Date: \u0027 + paymentDate);\n}\n\nfunction sendEmailNotification() {\n  var sheet \u003d SpreadsheetApp.openById(salesDatabaseID).getSheetByName(\"Form Responses\"); \n  var lastRow \u003d sheet.getLastRow();\n  var row \u003d sheet.getRange(lastRow, 1, 1, sheet.getLastColumn()).getValues()[0];\n\n  var customerEmail \u003d row[3]; \n  var customerName \u003d row[2]; \n  var invoiceNumber \u003d row[1]; \n  var paymentAmount \u003d row[4]; \n  var paymentDate \u003d new Date(row[0]); \n  var fileurl \u003d row[5];\n\n  var formattedPaymentDate \u003d Utilities.formatDate(paymentDate, Session.getScriptTimeZone(), \"dd/MM/yyyy\");\n\n  var subject \u003d \u0027Payment Received for Invoice \u0027 + invoiceNumber;\n  var body \u003d \u0027Dear \u0027 + customerName + \u0027,\\n\\n\u0027 +\n             \u0027We have received your payment for Invoice Number \u0027 + invoiceNumber + \u0027.\\n\\n\u0027 +\n             \u0027Details:\\n\u0027 +\n             \u0027- Payment Amount: RM\u0027 + paymentAmount + \u0027\\n\u0027 +\n             \u0027- Payment Date: \u0027 + formattedPaymentDate + \u0027\\n\\n\u0027 +\n             \u0027Your payment is currently under review. We will issue your receipt as soon as possible. \\n\\n\u0027 +\n             \u0027Thank you for your payment.\\n\\n\u0027 +\n             \u0027Best regards,\\n\u0027 +\n             \u0027Your Company Name\u0027;\n  \n  MailApp.sendEmail({\n    to: customerEmail,\n    subject: subject,\n    body: body\n  })\n\n  var adminsubject \u003d \u0027Payment Proof for Invoice \u0027 + invoiceNumber;\n  var adminbody \u003d \u0027Dear Admin,\\n\\n\u0027 +\n             \u0027A new payment has been received. Here are the details:\\n\\n\u0027 +\n             \u0027Date Time: \u0027 + paymentDate + \u0027\\n\u0027 +\n             \u0027Invoice Number: \u0027 + invoiceNumber + \u0027\\n\u0027 +\n             \u0027Customer Name: \u0027 + customerName + \u0027\\n\u0027 +\n             \u0027Email Address: \u0027 + customerEmail + \u0027\\n\u0027 +\n             \u0027Payment Amount: \u0027 + paymentAmount + \u0027\\n\u0027 +\n             \u0027Payment Proof: \u0027 + fileurl + \u0027\\n\\n\u0027 +\n             \u0027Best regards,\\n\u0027 +\n             \u0027Your Company Name\u0027;\n\n  MailApp.sendEmail({\n    to: \u0027teochris423@gmail.com\u0027, \n    subject: adminsubject,\n    body: adminbody,\n  });\n\n  Logger.log(\u0027Email sent to \u0027 + customerEmail + \u0027 and administrator.\u0027);\n\n  updatePaymentDate(invoiceNumber, paymentDate);\n}"},{"id":"483908f0-c9b1-4d8c-89c2-976a0fb63875","name":"Check Stock","type":"server_js","source":"function checkStockLevels() {\n  const sheet \u003d SpreadsheetApp.openById(salesDatabaseID).getSheetByName(\u0027ItemDetails\u0027);\n  const data \u003d sheet.getDataRange().getValues(); \n  var status \u003d \u0027\u0027\n\n  for (let i \u003d 1; i \u003c data.length; i++) {\n    const itemID \u003d data[i][0];\n    const itemName \u003d data[i][1];\n    const stockQuantity \u003d data[i][5];\n\n    if (stockQuantity \u003e 100) {\n      status \u003d \u0027In Stock\u0027;\n    }\n\n    else if(stockQuantity \u003c\u003d 100 \u0026\u0026 stockQuantity \u003e 0){\n      status \u003d \u0027Repurchase Needed\u0027;\n      sendStockNotification(itemID, itemName, stockQuantity);\n    }\n\n    else if(stockQuantity \u003d\u003d\u003d 0){\n      status \u003d \u0027Sold Out\u0027;\n      sendStockNotification(itemID, itemName, stockQuantity);\n    }\n\n    sheet.getRange(i+1, 7).setValue(status);\n  }\n}\n\nfunction sendStockNotification(itemID, itemName, stockQuantity) {\n  const recipientEmail \u003d \u0027teochris423@gmail.com\u0027; \n  const subject \u003d `Stock Alert: ${itemName}`;\n  const body \u003d \u0027Dear Team,\\n\\n\u0027 +\n               \u0027This is to inform you that the stock levels for the following item are critically low:\\n\\n\u0027 +\n               \u0027- Item Name: \u0027 + itemName + \u0027\\n\u0027 +\n               \u0027- Item ID: \u0027 + itemID + \u0027\\n\u0027 +\n               \u0027- Current Stock Quantity: \u0027 + stockQuantity + \u0027\\n\\n\u0027 +\n               \u0027Please initiate the necessary repurchase procedures at your earliest convenience to ensure we maintain adequate stock levels.\\n\\n\u0027\n\n\n  MailApp.sendEmail(recipientEmail, subject, body);\n}\n\nfunction deductFaultyGoods(purchaseID, itemID, quantity, orderDate, supplierID, faultyAmount, receivedDate) {\n  const faultysheet \u003d SpreadsheetApp.openById(salesDatabaseID).getSheetByName(\u0027FaultyGoodsRecord\u0027);\n  const itemsheet \u003d SpreadsheetApp.openById(salesDatabaseID).getSheetByName(\u0027ItemDetails\u0027);\n  const suppliersheet \u003d SpreadsheetApp.openById(salesDatabaseID).getSheetByName(\u0027SupplierData\u0027);\n  const purchasesheet \u003d SpreadsheetApp.openById(salesDatabaseID).getSheetByName(\u0027PurchaseRecord\u0027);\n\n  var recorddata \u003d faultysheet.getDataRange().getValues();\n  var itemdata \u003d itemsheet.getDataRange().getValues();\n  var supplierData \u003d suppliersheet.getDataRange().getValues();\n  var purchasedata \u003d purchasesheet.getDataRange().getValues();\n  \n  // Update FaultyGoodsRecord sheet\n  for (let i \u003d 0; i \u003c recorddata.length; i++) {\n    if (recorddata[i][0] \u003d\u003d\u003d purchaseID) {\n      faultysheet.getRange(i + 1, 2).setValue(receivedDate); \n      faultysheet.getRange(i + 1, 3).setValue(faultyAmount); \n      break;\n    }\n  }\n\n  // Update ItemDetails sheet\n  for (let j \u003d 0; j \u003c itemdata.length; j++) {\n    if (itemdata[j][0] \u003d\u003d\u003d itemID) {\n      var oldamount \u003d itemdata[j][5];\n      var newamount \u003d oldamount + quantity - faultyAmount;\n      itemsheet.getRange(j + 1, 6).setValue(newamount); \n      break;\n    }\n  }\n\n  // Update SupplierData sheet\n  for (let k \u003d 0; k \u003c supplierData.length; k++) {\n    if (supplierData[k][0] \u003d\u003d\u003d supplierID) {\n      var oldfaulty \u003d supplierData[k][11];\n      var newaveragefaulty \u003d (oldfaulty + faultyAmount) / 2;\n      suppliersheet.getRange(k + 1, 12).setValue(newaveragefaulty); \n      break;\n    }\n  }\n\n  //Update PurchaseRecord sheet\n  for(let l \u003d 0; l \u003c purchasedata.length; l++)\n  {\n    if(purchasedata[l][0] \u003d\u003d\u003d purchaseID)\n    {\n      purchasesheet.getRange(l+1, 10).setValue(true);\n      break;\n    }\n  }\n\n  checkStockLevels();\n}\n\n"},{"id":"6741f2c6-923a-4082-8bf2-fafe7793aa45","name":"Cost Calculation","type":"server_js","source":"function costCalculation(supplierID)\n{\n  var databaseID \u003d \"1rIoeWrQI6NvJategdgNaPrITlr5FV6PrgVfThsVW13s\";\n  var purchaseSheet \u003d SpreadsheetApp.openById(databaseID);\n  let purchaseDetails \u003d purchaseSheet.getSheetByName(\u0027PurchaseRecord\u0027);\n  let supplierDetails \u003d purchaseSheet.getSheetByName(\u0027SupplierData\u0027);\n  let itemDetails \u003d purchaseSheet.getSheetByName(\u0027ItemDetails\u0027);\n\n  var purchaseData \u003d purchaseDetails.getRange(\u0027A:I\u0027).getValues();\n  \n  for(i \u003d 0; i \u003c purchaseData.length; i++)\n  {\n    if(purchaseData[i][5] \u003d\u003d\u003d supplierID)\n    {\n      var itemID \u003d purchaseData[i][1];\n      var purchaseUnitPrice \u003d purchaseData[i][2];\n      var purchaseQuantity \u003d purchaseData[i][3];\n      var supplierID \u003d purchaseData[i][5];\n      var shippingCost \u003d purchaseData[i][6];\n      var handlingCost \u003d purchaseData[i][7];\n      var storageCost \u003d purchaseData[i][8];\n\n      Logger.log(\"Selected purchase record: \" + purchaseData[i][0]);\n    }\n  }\n\n  if(!supplierID)\n  {\n    Logger.log(\"Invalid Supplier ID\");\n  }\n\n  var itemData \u003d itemDetails.getRange(\u0027A:G\u0027).getValues();\n\n  for(j \u003d 0; j \u003c itemData.length; j++)\n  {\n    if(itemData[j][0] \u003d\u003d\u003d itemID)\n    {\n      var sellingUnitPrice \u003d itemData[j][4];\n\n      Logger.log(\"Selected Item ID: \" + itemData[j][0])\n    }\n  }\n\n  if(!itemID)\n  {\n    Logger.log(\"Ivalid Item ID\");\n  }\n\n  //COGS\n  var calculateCOGS \u003d purchaseUnitPrice * purchaseQuantity\n\n  //PPV\n  var calculatePPV \u003d (purchaseUnitPrice - sellingUnitPrice) * purchaseQuantity;\n\n  //TCO\n  var calculateTCO \u003d calculateCOGS + shippingCost + handlingCost + storageCost;\n\n  Logger.log(\"COGS: \" + (calculateCOGS));\n  Logger.log(\"PPV: \" + (calculatePPV));\n  Logger.log(\"TCO: \"  + (calculateTCO));\n\n  var supplierData \u003d supplierDetails.getDataRange().getValues();\n\n  for(k \u003d 0; k \u003c supplierData.length; k++)\n  {\n    if(supplierData[k][0] \u003d\u003d\u003d supplierID)\n    {\n      supplierDetails.getRange(\u0027I\u0027+ (k+1)).setValue(calculateCOGS);\n      supplierDetails.getRange(\u0027J\u0027+ (k+1)).setValue(calculatePPV);\n      supplierDetails.getRange(\u0027K\u0027+ (k+1)).setValue(calculateTCO);\n    }\n  }\n\n  if(!supplierID)\n  {\n    Logger.Log(\"Invalid Supplier ID\");\n  }\n}"},{"id":"903332e7-1810-4a03-971d-077ed8c325f1","name":"Issue Purchase Report","type":"server_js","source":"function purchaseOrderFolder()\n{\n  const date \u003d new Date();\n  const month \u003d date.getMonth();\n  const year \u003d date.getFullYear();\n\n  var parentFolderID \u003d \"1LMfCo1YqvMd9IWvqgKLu8TrmQrEv7DvV\";\n  const monthNames \u003d [\"January\", \"February\", \"March\", \"April\", \"May\", \"June\", \"July\", \"August\", \"September\", \"October\", \"November\", \"December\"];\n  const folderName \u003d monthNames[month] + \" \" + year;\n\n  const parentFolder \u003d DriveApp.getFolderById(parentFolderID);\n  const folders \u003d parentFolder.getFoldersByName(folderName);\n\n  let receiptFolder;\n\n  if(folders.hasNext())\n  {\n    receiptFolder \u003d folders.next();\n    Logger.log(\"Opened existing folder: \" + receiptFolder.getName());\n  } \n  else \n  {\n    receiptFolder \u003d parentFolder.createFolder(folderName);\n    Logger.log(\"Created new folder: \" + receiptFolder.getName());\n  }\n  \n  return receiptFolder.getId();\n}\n\nfunction issuePurchaseOrder()\n{\n  var sheet \u003d SpreadsheetApp.openById(salesDatabaseID).getSheetByName(\"PurchaseRecord\"); \n  var lastRow \u003d sheet.getLastRow();\n  var row \u003d sheet.getRange(lastRow, 1, 1, sheet.getLastColumn()).getValues()[0];\n  \n  const todayDate \u003d new Date();\n  const formattedDate \u003d Utilities.formatDate(todayDate, Session.getScriptTimeZone(), \u0027dd/MM/yyyy\u0027);\n\n  var purchaseID \u003d row[0];\n  var itemID \u003d row[1];\n  var unitprice \u003d row[2];\n  var quantity \u003d row[3];\n  var supplierID \u003d row[5];\n\n  Logger.log(supplierID);\n\n  var suppliersheet \u003d SpreadsheetApp.openById(salesDatabaseID).getSheetByName(\u0027SupplierData\u0027);\n  var supplierData \u003d suppliersheet.getDataRange().getValues();\n\n  for(let i \u003d 0; i \u003c supplierData.length; i++)\n  {\n    if(supplierData[i][0] \u003d\u003d\u003d supplierID)\n    {\n      var supplierName \u003d supplierData[i][1];\n      var supplierAddress \u003d supplierData[i][2];\n      var supplierContact \u003d supplierData[i][3];\n      var supplierEmail \u003d supplierData[i][4];\n      var supplierShipping \u003d supplierData[i][5]\n      var supplierHandling \u003d supplierData[i][6];\n      var supplierStorage \u003d supplierData[i][7];\n      continue;\n    }\n  }\n\n  Logger.log(supplierEmail);\n\n  var othercost \u003d supplierShipping + supplierHandling + supplierStorage;\n\n  var itemsheet \u003d SpreadsheetApp.openById(salesDatabaseID).getSheetByName(\u0027ItemDetails\u0027);\n  var itemData \u003d itemsheet.getDataRange().getValues();\n\n  for(let j \u003d 0; j \u003c itemData.length; j++)\n  {\n    if(itemData[j][0] \u003d\u003d\u003d itemID)\n    {\n      var itemName \u003d itemData[j][1];\n      var itemQuantity \u003d itemData[j][5];\n      var index \u003d j;\n      break;\n    }\n  }\n  \n  let purchaseorderID \u003d \u00271vwVrxpzglR4WGjLy-i5EQwSz1ZRdZ64M0SkeKw---XQ\u0027;\n  let purchasesheet \u003d SpreadsheetApp.openById(purchaseorderID).getSheetByName(\u0027Purchase order\u0027);\n\n  purchasesheet.getRange(\u0027B11\u0027).setValue(formattedDate);\n  purchasesheet.getRange(\u0027D11:E11\u0027).setValue(supplierName);\n  purchasesheet.getRange(\u0027F11:G11\u0027).setValue(purchaseID);\n  purchasesheet.getRange(\u0027B17:C17\u0027).setValue(supplierName);\n  purchasesheet.getRange(\u0027B18:C19\u0027).setValue(supplierAddress);\n  purchasesheet.getRange(\u0027B20\u0027).setValue(supplierContact);\n  purchasesheet.getRange(\u0027B24\u0027).setValue(itemID);\n  purchasesheet.getRange(\u0027C24\u0027).setValue(itemName);\n  purchasesheet.getRange(\u0027F24\u0027).setValue(quantity);\n  purchasesheet.getRange(\u0027G24\u0027).setValue(unitprice);\n  purchasesheet.getRange(\u0027H34\u0027).setValue(othercost);\n\n\n  let pdfFolder \u003d DriveApp.getFolderById(purchaseOrderFolder());\n  let fileName \u003d \u0027PurchaseOrder_\u0027 + purchaseID + \u0027.pdf\u0027;\n  let blob \u003d purchasesheet.getParent().getAs(\u0027application/pdf\u0027).setName(fileName);\n  let pdfFile \u003d pdfFolder.createFile(blob);\n\n  var subject \u003d \u0027Purchase Order: \u0027 + purchaseID;\n  var body \u003d \u0027Dear \u0027 + supplierName + \u0027,\\n\\n\u0027 +\n             \u0027Please find attached the purchase order for the following items:\\n\\n\u0027 +\n             \u0027- Item ID: \u0027 + itemID + \u0027\\n\u0027 +\n             \u0027- Item Name: \u0027 + itemName + \u0027\\n\u0027 +\n             \u0027- Quantity: \u0027 + quantity + \u0027\\n\u0027 +\n             \u0027- Unit Price: RM\u0027 + unitprice + \u0027\\n\u0027 +\n             \u0027\\nTotal Additional Costs: RM\u0027 + othercost + \u0027\\n\\n\u0027 +\n             \u0027Best regards,\\nYour Company Name\u0027;\n\n  MailApp.sendEmail({\n    to: supplierEmail,\n    subject: subject,\n    body: body,\n    attachments: [pdfFile.getAs(MimeType.PDF)]\n  })\n\n  Logger.log(\u0027Purchase order sent to \u0027 + supplierEmail);\n  costCalculation(supplierID);\n}"}]}